nome;url;note
Super Paint Rosso 2 - Gel da decorazione;https://www.hdnails.it/super-paint-rosso-2-gel-da-decorazione;pagina non disponibile (404/redirect) - presente solo in sitemap
Gel Paint Tiffany - Gel colorato;https://www.hdnails.it/gel-paint-tiffany-gel-colorato;pagina non disponibile (404/redirect) - presente solo in sitemap
Color Gel Up 254 - Gel Colorato;https://www.hdnails.it/color-gel-up-254-gel-colorato;pagina non disponibile (404/redirect) - presente solo in sitemap
Smalto Semipermanente Gelac Color 14;https://www.hdnails.it/smalto-semipermanente-gelac-color-14;pagina non disponibile (404/redirect) - presente solo in sitemap
Color Gel Fluo 189 - Gel Colorato;https://www.hdnails.it/color-gel-fluo-189-gel-colorato;pagina non disponibile (404/redirect) - presente solo in sitemap
Smalto Semipermanente Gelac Color15;https://www.hdnails.it/smalto-semipermanente-gelac-color15;pagina non disponibile (404/redirect) - presente solo in sitemap
Color Effetto Vetro Blue - Up 020 - Gel Colorato;https://www.hdnails.it/color-effetto-vetro-blue-up-020-gel-colorato;pagina non disponibile (404/redirect) - presente solo in sitemap
Tronchese lama grande;https://www.hdnails.it/tronchese-lama-grande;pagina non disponibile (404/redirect) - presente solo in sitemap
Smalto Semipermanente Gelac Color 073;https://www.hdnails.it/smalto-semipermanente-gelac-color-073;pagina non disponibile (404/redirect) - presente solo in sitemap
Smalto Semipermanente Gelac Color 19;https://www.hdnails.it/smalto-semipermanente-gelac-color-19;pagina non disponibile (404/redirect) - presente solo in sitemap
Color Gel 521 - Gel Colorato;https://www.hdnails.it/color-gel-521-gel-colorato;pagina non disponibile (404/redirect) - presente solo in sitemap
Smalto Semipermanente Gelac Color Rosa Glitter Antico 115;https://www.hdnails.it/smalto-semipermanente-gelac-color-rosa-glitter-antico-115;pagina non disponibile (404/redirect) - presente solo in sitemap
Art Gel 18 Giallo Fluo - Gel da decorazione;https://www.hdnails.it/art-gel-18-giallo-fluo-gel-da-decorazione;pagina non disponibile (404/redirect) - presente solo in sitemap
Tips Acrigel Classica;https://www.hdnails.it/tips-acrigel-classica;pagina non disponibile (404/redirect) - presente solo in sitemap
Pennello One Stroke 2;https://www.hdnails.it/pennello-one-stroke-2;pagina non disponibile (404/redirect) - presente solo in sitemap
Smalto Semipermanente Disco Gel 4;https://www.hdnails.it/smalto-semipermanente-disco-gel-4;pagina non disponibile (404/redirect) - presente solo in sitemap
Smalto Semipermanente Disco Gel 8;https://www.hdnails.it/smalto-semipermanente-disco-gel-8;pagina non disponibile (404/redirect) - presente solo in sitemap
Pennello Oval Brush 4 e 6;https://www.hdnails.it/pennello-oval-brush-4-e-6;pagina non disponibile (404/redirect) - presente solo in sitemap
Jelly Cover 4 - Beige Cover - Gel Costruttore;https://www.hdnails.it/jelly-cover-4-beige-cover-gel-costruttore;pagina non disponibile (404/redirect) - presente solo in sitemap
Smalto Semipermanente Gelac Glitter Color 25;https://www.hdnails.it/smalto-semipermanente-gelac-glitter-color-25;pagina non disponibile (404/redirect) - presente solo in sitemap
Nail Form - Cartine Ricostruzione Unghie 100pz;https://www.hdnails.it/nail-form-cartine-ricostruzione-unghie-100pz;pagina non disponibile (404/redirect) - presente solo in sitemap
Smalto Semipermanente Gelac Platinum 16;https://www.hdnails.it/smalto-semipermanente-gelac-platinum-16;pagina non disponibile (404/redirect) - presente solo in sitemap
Jelly Soft 1 - Gel Costruttore;https://www.hdnails.it/jelly-soft-1-gel-costruttore;pagina non disponibile (404/redirect) - presente solo in sitemap
Jelly Soft 2 - Gel Costruttore;https://www.hdnails.it/jelly-soft-2-gel-costruttore;pagina non disponibile (404/redirect) - presente solo in sitemap
Jelly Soft 3 - Gel Costruttore;https://www.hdnails.it/jelly-soft-3-gel-costruttore;pagina non disponibile (404/redirect) - presente solo in sitemap
Creamy Cover 8 Bubble - Gel Costruttore;https://www.hdnails.it/creamy-cover-8-bubble-gel-costruttore;pagina non disponibile (404/redirect) - presente solo in sitemap
Jelly Cover 6 - Baby - Gel Costruttore;https://www.hdnails.it/jelly-cover-6-baby-gel-costruttore;pagina non disponibile (404/redirect) - presente solo in sitemap
Smalto Semipermanente Gelac Color 141;https://www.hdnails.it/smalto-semipermanente-gelac-color-141;pagina non disponibile (404/redirect) - presente solo in sitemap
Biglietto Workshop Nails Roma;https://www.hdnails.it/biglietto-workshop-nails-roma;pagina non disponibile (404/redirect) - presente solo in sitemap
Smalto Semipermanente Gelac Ice Cream 2;https://www.hdnails.it/smalto-semipermanente-gelac-ice-cream-2;pagina non disponibile (404/redirect) - presente solo in sitemap
Smalto Semipermanente Gelac Ice Cream 5;https://www.hdnails.it/smalto-semipermanente-gelac-ice-cream-5;pagina non disponibile (404/redirect) - presente solo in sitemap
Smalto Semipermanente Gelac Ice Cream 6;https://www.hdnails.it/smalto-semipermanente-gelac-ice-cream-6;pagina non disponibile (404/redirect) - presente solo in sitemap
Smalto Semipermanente Gelac Ice Cream 9;https://www.hdnails.it/smalto-semipermanente-gelac-ice-cream-9;pagina non disponibile (404/redirect) - presente solo in sitemap
Kit Gelac Pastello 10 Smalti Semipermanente + Cartella Colori Omaggio;https://www.hdnails.it/kit-gelac-pastello-10-smalti-semipermanente-cartella-colori-omaggio;pagina non disponibile (404/redirect) - presente solo in sitemap
Candela per massaggio SPA — Vaniglia 2oz;https://www.hdnails.it/candela-per-massaggio-spa-vaniglia-2oz;pagina non disponibile (404/redirect) - presente solo in sitemap
Supporto Cellulare da Tavolo;https://www.hdnails.it/supporto-cellulare-da-tavolo;pagina non disponibile (404/redirect) - presente solo in sitemap
